title,content,publication_date,source_url,category
"Some on-air claims about Dominion Voting Systems were false, Fox News acknowledges in statement after deal is announced",,"Wed, 19 Apr 2023 12:44:51 GMT",https://www.cnn.com/business/live-news/fox-news-dominion-trial-04-18-23/index.html,Others
Dominion still has pending lawsuits against election deniers such as Rudy Giuliani and Sidney Powell,,,https://www.cnn.com/business/live-news/fox-news-dominion-trial-04-18-23/h_8d51e3ae2714edaa0dace837305d03b8,Others
Here are the 20 specific Fox broadcasts and tweets Dominion says were defamatory,"‚Ä¢ Fox-Dominion trial delay 'is not unusual,' judge says
‚Ä¢ Fox News' defamation battle isn't stopping Trump's election lies","Mon, 17 Apr 2023 16:01:11 GMT",https://www.cnn.com/2023/04/17/media/dominion-fox-news-allegations/index.html,Others
Judge in Fox News-Dominion defamation trial: 'The parties have resolved their case',The judge just announced in court that a settlement has been reached in the historic defamation case between Fox News and Dominion Voting Systems.,"Wed, 19 Apr 2023 08:28:17 GMT",https://www.cnn.com/2023/04/18/media/fox-dominion-settlement/index.html,Others
'Difficult to say with a straight face': Tapper reacts to Fox News' statement on settlement,"A settlement has been reached in Dominion Voting Systems' defamation case against Fox News, the judge for the case announced. The network will pay more than $787 million to Dominion, a lawyer for the company said.","Tue, 18 Apr 2023 21:17:44 GMT",https://www.cnn.com/videos/politics/2023/04/18/jake-tapper-dominion-lawsuit-settlement-fox-news-statement-lead-vpx.cnn,Others
Millions in the US could face massive consequences unless McCarthy can navigate out of a debt trap he set for Biden,"‚Ä¢ DeSantis goes to Washington, a place he once despised, looking for support to take on Trump
‚Ä¢ Opinion: For the GOP to win, it must ditch Trump
‚Ä¢ Chris Christie mulling 2024 White House bid
‚Ä¢ Analysis: The fire next time has begun burning in Tennessee","Tue, 18 Apr 2023 20:34:45 GMT",https://www.cnn.com/2023/04/18/politics/mccarthy-biden-debt-ceiling/index.html,Others
White homeowner accused of shooting a Black teen who rang his doorbell turns himself in to face criminal charges,"‚Ä¢ 'A major part of Ralph died': Aunt of teen shot after ringing wrong doorbell speaks
‚Ä¢ 20-year-old woman shot after friend turned into the wrong driveway in upstate New York, officials say","Wed, 19 Apr 2023 04:29:05 GMT",https://www.cnn.com/2023/04/18/us/kansas-city-ralph-yarl-shooting-tuesday/index.html,Others
Newly released video shows scene of Jeremy Renner's snowplow accident,"Newly released body camera footage shows firefighters and sheriff's deputies rushing to help actor Jeremy Renner after a near-fatal snowplow accident in January. The ""Avengers"" actor broke more than 30 bones and suffered other severe injuries. CNN's Chloe Melas has more.","Tue, 18 Apr 2023 14:09:43 GMT",https://www.cnn.com/videos/us/2023/04/18/jeremy-renner-snowplow-accident-bodycam-nc-melas-contd-vpx.cnn,Others
Jake Gyllenhaal and Jamie Lee Curtis spent the Covid-19 lockdown together,It's sourdough bread and handstands for Jake Gyllenhaal and Jamie Lee Curtis.,"Tue, 18 Apr 2023 14:40:32 GMT",https://www.cnn.com/2023/04/18/entertainment/jake-gyllenhaal-jamie-lee-curtis-pandemic-living/index.html,Others
"Toddler crawls through White House fence, prompts Secret Service response","A tiny intruder infiltrated White House grounds Tuesday, prompting a swift response from the US Secret Service.","Tue, 18 Apr 2023 17:38:16 GMT",https://www.cnn.com/2023/04/18/politics/white-house-toddler/index.html,Others
Jamie Foxx remains hospitalized nearly a week after 'medical complication',"Jamie Foxx remains hospitalized in Georgia nearly a week after his daughter revealed the actor experienced a ""medical complication,"" a source with knowledge of the matter told CNN on Monday.","Tue, 18 Apr 2023 00:27:07 GMT",https://www.cnn.com/2023/04/17/entertainment/jamie-foxx-remains-hospitalized/index.html,Others
A 13-year-old dies after participating in a Benadryl TikTok 'challenge',"A 13-year-old in Ohio has died after ""he took a bunch of Benadryl,"" trying a dangerous TikTok challenge that's circulating online, according to a CNN affiliate and a GoFundMe account from his family.","Wed, 19 Apr 2023 15:01:06 GMT",https://www.cnn.com/2023/04/18/us/benadryl-tiktok-challenge-teen-death-wellness/index.html,Others
See pizza delivery guy take out suspect fleeing police,"Pizza guy delivers more than a pie, taking out a fleeing suspect. CNN's Jeanne Moos shows him putting his best foot forward.","Tue, 18 Apr 2023 16:40:22 GMT",https://www.cnn.com/videos/us/2023/04/18/pizza-guy-trips-perp-moos-cprog-orig-bdk.cnn,Others
Netflix is winding down its DVD business after 25 years,Netflix is officially winding down the business that helped make it a household name.,"Tue, 18 Apr 2023 20:10:51 GMT",https://www.cnn.com/2023/04/18/media/netflix-dvd-red-envelopes/index.html,Others
FTC chair Lina Khan warns AI could 'turbocharge' fraud and scams,"Artificial intelligence tools such as ChatGPT could lead to a ""turbocharging"" of consumer harms including fraud and scams, and the US government has substantial authority to crack down on AI-driven consumer harms under existing law, members of the Federal Trade Commission said Tuesday.","Tue, 18 Apr 2023 17:59:38 GMT",https://www.cnn.com/2023/04/18/tech/lina-khan-ai-warning/index.html,Others
"Eating too much of these foods is driving the rise in type 2 diabetes, study says","Gobbling up too many refined wheat and rice products, along with eating too few whole grains, is fueling the growth of new cases of type 2 diabetes worldwide, according to a new study that models data through 2018.","Mon, 17 Apr 2023 16:02:46 GMT",https://www.cnn.com/2023/04/17/health/rise-type-2-diabetes-global-wellness/index.html,Others
ADHD medication abuse in schools is a 'wake-up call',"At some middle and high schools in the United States, 1 in 4 teens report they've abused prescription stimulants for attention deficit hyperactivity disorder during the year prior, a new study found.","Tue, 25 Apr 2023 17:44:36 GMT",https://www.cnn.com/2023/04/18/health/teen-misuse-adhd-meds-wellness/index.html,Others
Apple CEO was presented with an original Macintosh. See his reaction,CEO Tim Cook personally welcomed customers to the new Apple store in Mumbai as the tech company opens its first retail stores in India. CNN's Vedika Sud reports.,"Tue, 18 Apr 2023 09:17:25 GMT",https://www.cnn.com/videos/tech/2023/04/18/apple-store-mumbai-india-ceo-tim-cook-vedika-sud-ovn-biz-ldn-vpx.cnn,Others
Democrats bash Justice Clarence Thomas but their plan to investigate ethics allegations is unclear,"Senate Democrats railed against Justice Clarence Thomas on Tuesday amid reports that the Supreme Court conservative failed to disclose luxury travel, gifts and a real estate transaction involving a GOP megadonor, but their plan to investigate the conservative jurist remains unclear.","Tue, 18 Apr 2023 20:29:46 GMT",https://www.cnn.com/2023/04/18/politics/clarence-thomas-ethics-democrats/index.html,Others
"Russia is 'going backwards' in equipment and deploying post WWII-era tanks, according to Western officials","‚Ä¢ Jailed Wall Street Journal reporter Evan Gershkovich denied detention appeal in Moscow
‚Ä¢ Putin visits Russian troops at military headquarters in Kherson
‚Ä¢ Watch moment WSJ journalist appears in Russian court",,https://www.cnn.com/europe/live-news/russia-ukraine-war-news-04-18-23/index.html,Others
Two Russians claiming to be former Wagner commanders admit killing children and civilians in Ukraine,Two Russian men who claim to be former Wagner Group commanders have told a human rights activist that they killed children and civilians during their time in Ukraine.,"Tue, 18 Apr 2023 19:07:52 GMT",https://www.cnn.com/2023/04/17/europe/wagner-commanders-russia-kill-children-intl-hnk/index.html,Others
'My stomach is hurting from laughing': Hear panelist's reaction to DeSantis' threat to Disney,CNN panelists react to Florida Gov. Ron DeSantis floating the idea of building a competing theme park next to Disney World in Orlando.,"Tue, 18 Apr 2023 03:24:56 GMT",https://www.cnn.com/videos/business/2023/04/18/desantis-disney-competition-panel-reax-pt-vpx.cnn,Others
GOP prepared to block vote to replace Feinstein on Senate Judiciary,"Senate Majority Leader Chuck Schumer said on Tuesday that he hopes to replace Democratic Sen. Dianne Feinstein on the Senate Judiciary Committee with Sen. Ben Cardin of Maryland and aims to set up a floor vote on the issue this afternoon, which Republicans are expected to block.","Tue, 18 Apr 2023 22:03:13 GMT",https://www.cnn.com/2023/04/18/politics/schumer-senate-feinstein-vote-cardin/index.html,Others
Oklahoma governor calls on officials to resign over recording of racist and threatening remarks,,"Tue, 18 Apr 2023 17:33:17 GMT",https://www.cnn.com/2023/04/18/us/mccurtain-county-oklahoma-officials-recording/index.html,Others
McCarthy slams Biden in handling of US debt,House Speaker Kevin McCarthy traveled to Wall Street on Monday to deliver a fresh warning that the House GOP majority will refuse to lift a cap on government borrowing unless Biden agrees to spending cuts that would effectively neutralize his domestic agenda.,"Tue, 18 Apr 2023 22:03:01 GMT",https://www.cnn.com/videos/politics/2023/04/18/kevin-mccarthy-wall-street-speech-debt-ceiling-biden-economy-vpx.cnn,Others
US warns Russia not to touch American nuclear technology at Ukrainian nuclear plant,"The US has sensitive nuclear technology at a nuclear power plant inside Ukraine and is warning Russia not to touch it, according to a letter the US Department of Energy sent to Russia's state-owned nuclear energy firm Rosatom last month.","Wed, 19 Apr 2023 08:35:33 GMT",https://www.cnn.com/2023/04/18/politics/us-warns-russia-zaporizhzhia-nuclear-plant/index.html,Others
Repeated gunshots fired on live TV as ex-lawmaker shot by assassins,"Atiq Ahmed, a former lawmaker in India's parliament, convicted of kidnapping, was shot dead along with his brother while police were escorting them for a medical check-up in a slaying caught on live television on Saturday. CNN's Vedika Sud reports.","Tue, 18 Apr 2023 09:41:42 GMT",https://www.cnn.com/videos/world/2023/04/18/india-ex-lawmaker-atiq-ahmed-assassination-sud-pkg-contd-ovn-intl-hnk-vpx.cnn,Others
FDA clears the way for additional bivalent boosters for certain vulnerable individuals,"The U.S. Food and Drug Administration amended the terms of its emergency use authorizations for the Pfizer and Moderna bivalent vaccines on Tuesday, allowing people ages 65 and older and certain people with weakened immunity to get additional doses before this fall's vaccination campaigns.","Tue, 18 Apr 2023 15:09:15 GMT",https://www.cnn.com/2023/04/18/health/fda-bivalent-booster-additional-doses/index.html,Others
Maine authorities detained a person of interest after 4 people were found dead in a home and 3 others shot while driving,"Maine authorities have detained a person of interest and continue to investigate after two shooting incidents that appear to be connected left at least four people dead and three others injured, state police said.","Wed, 19 Apr 2023 01:49:51 GMT",https://www.cnn.com/2023/04/18/us/maine-shooting-bowdoin-yarmouth/index.html,Others
Southwest says flights resumed after delays caused by 'tech issues',"‚Ä¢ Delta Air Lines reports record bookings for summer travel
‚Ä¢ Air France and Airbus acquitted in trial over 2009 plane crash","Tue, 18 Apr 2023 17:15:29 GMT",https://www.cnn.com/travel/article/southwest-airlines-flight-delays/index.html,Others
Damar Hamlin cleared to resume football activities after January cardiac arrest,"Buffalo Bills safety Damar Hamlin, who has been cleared to resume football activities, said Tuesday his cardiac arrest during an NFL game in January was caused by commotio cordis.","Tue, 18 Apr 2023 22:11:37 GMT",https://www.cnn.com/2023/04/18/sport/damar-hamlin-cleared-to-train-nfl-spt-intl/index.html,Others
Pilot makes history after landing on top of a 56-story hotel,Polish pilot Lukasz Czepiela made history after landing a plane on a helipad at the top of a 56-story hotel in Dubai.,"Sun, 19 Mar 2023 11:22:30 GMT",https://www.cnn.com/videos/travel/2023/03/17/pilot-lands-on-dubai-helipad-cprog-orig-aw-ao.cnn,Others
Top US Navy admiral defends non-binary sailor amid some Republican criticism,"The top US Navy admiral ardently defended a non-binary sailor on Tuesday amid some criticism from Republican lawmakers, saying he is ""particularly proud of this sailor.""","Tue, 18 Apr 2023 19:56:40 GMT",https://www.cnn.com/2023/04/18/politics/gilday-defends-non-binary-sailor/index.html,Others
Fulton County DA says fake Trump electors are incriminating one another and wants lawyer disqualified,"The Fulton County District Attorney's office said some fake electors for Donald Trump have implicated each other in potential criminal activity and is seeking to disqualify their lawyer, according to a new court filing.","Wed, 19 Apr 2023 15:31:24 GMT",https://www.cnn.com/2023/04/18/politics/fulton-county-trump-fake-electors/index.html,Others
High speed trains are racing across the world. But not in America,High speed trains have proved their worth across the world over the past 50 years.,"Wed, 19 Apr 2023 02:39:40 GMT",https://www.cnn.com/travel/article/high-speed-rail-us/index.html,Others
Podcast: One country musician is calling for other artists to oppose assault rifles,,,https://www.cnn.com/audio/podcasts/the-assignment/episodes/42a2f0e2-066a-4675-82ff-afe2016a0bb5,Others
Here's what you need to know if you haven't filed your return yet ‚Äî and even if you have,"It's April 18, the official deadline to file your federal and state income tax returns for 2022. (It is also, apparently, National Animal Crackers Day for those who celebrate.)","Tue, 18 Apr 2023 14:15:43 GMT",https://www.cnn.com/2023/04/18/success/tax-day-2023-file-irs/index.html,Others
"Undocumented immigrants are paying their taxes today, too",It's a surprising fact that's often overlooked in the immigration debate.,"Tue, 18 Apr 2023 18:29:24 GMT",https://www.cnn.com/2023/04/18/us/undocumented-immigrants-taxes-cec/index.html,Others
Opinion: Why millionaires like us want to pay more in taxes,"Tuesday is Tax Day in America, one of the most stressful days of the year, when many taxpayers will finally end their procrastination, file their federal returns, and hope for a refund from the IRS. But for many of the nation's wealthiest, it's just another Tuesday.","Mon, 17 Apr 2023 19:32:49 GMT",https://www.cnn.com/2023/04/17/opinions/us-tax-system-wealthy-disney-pearl/index.html,Others
'World's longest' purpose-built cycling tunnel opens in Norway,"There are many ways to explore the seven mountains that surround the picturesque UNESCO World Heritage city of Bergen on Norway's fjord-studded west coast. The newest, however, might well be record-breaking.","Tue, 18 Apr 2023 10:44:27 GMT",https://www.cnn.com/travel/article/worlds-longest-cycling-tunnel/index.html,Others
Artist rejects photo prize after AI-generated image wins award,A German artist has rejected an award from a prestigious international photography competition after revealing that his submission was generated by Artificial Intelligence (AI).,"Tue, 18 Apr 2023 15:27:54 GMT",https://www.cnn.com/style/article/ai-photo-win-sony-scli-intl/index.html,Others
These ships disappeared in Lake Superior a century ago. Watch as they're found again,"The Great Lakes Shipwreck Historical Society has found two of three ships that sank in the same Lake Superior storm more than a century ago, locating one in 2021 and the other in 2022.","Tue, 18 Apr 2023 19:29:01 GMT",https://www.cnn.com/videos/travel/2023/04/18/century-old-shipwrecks-lake-superior-discovery-contd-orig-zt.cnn,Others
Erotic images of seniors show sex and intimacy in new light,"What does intimacy look like for seniors? There's no end to sex scenes and other steamy content featuring the young and unwrinkled, but past a certain age, popular culture largely draws a blank ‚Äî or treats sex as a punchline.","Tue, 18 Apr 2023 03:24:57 GMT",https://www.cnn.com/style/article/marilyn-minter-artist-elder-sex/index.html,Others
"China's economy is off to a solid start, rising 4.5% in Q1 2023",China's economy is off to a solid start in 2023 following its emergence from three years of strict pandemic restrictions.,"Tue, 18 Apr 2023 07:01:12 GMT",https://www.cnn.com/2023/04/17/economy/china-gdp-q1-2023-intl-hnk/index.html,Others
"Even when wives make as much as husbands, they still do more at home","‚Ä¢ Four out of the five US metro areas with the lowest unemployment are in Florida. Here's why
‚Ä¢ Opinion: The overlooked problem with raising the retirement age for Social Security","Sun, 16 Apr 2023 17:29:49 GMT",https://www.cnn.com/2023/04/16/success/husbands-wives-earning-division-of-labor-pew-survey/index.html,Others
McDonald's is upgrading its burgers,"McDonald's, which has been focusing on upgrading its core items to boost sales, is rolling out a series of changes designed to improve its signature burgers.","Mon, 17 Apr 2023 16:31:30 GMT",https://www.cnn.com/2023/04/17/business/mcdonalds-burgers/index.html,Others
Google-parent stock drops on fears it could lose search market share to AI-powered rivals,"Shares of Google-parent Alphabet fell more than 3% in early trading Monday after a report sparked concerns that its core search engine could lose market share to AI-powered rivals, including Microsoft's Bing.","Mon, 17 Apr 2023 15:52:19 GMT",https://www.cnn.com/2023/04/17/tech/google-ai-search-engine-stock-drop/index.html,Others
Bidets save you money and reduce waste ‚Äî we tested the best options out there,,,https://www.cnn.com/cnn-underscored/reviews/best-bidets?iid=CNNUnderscoredHPcontainer,Others
50+ products to make your life easier and our planet cleaner,,,https://www.cnn.com/cnn-underscored/home/editors-favorite-sustainable-products?iid=CNNUnderscoredHPcontainer,Others
Mother's Day is around the corner. Here are 50+ thoughtful gifts she'll love,,,https://www.cnn.com/cnn-underscored/gifts/best-mothers-day-gifts-2023?iid=CNNUnderscoredHPcontainer,Others
"A head-to-toe guide of how men should dress this spring, and where they should shop",,,https://www.cnn.com/cnn-underscored/fashion/mens-spring-fashion-style-guide?iid=CNNUnderscoredHPcontainer,Others
42 of the most useful travel products you can buy on Amazon,,,https://www.cnn.com/cnn-underscored/travel/amazon-travel-products?iid=CNNUnderscoredHPcontainer,Others
The 7 best high-yield savings accounts of April 2023,,,https://www.cnn.com/cnn-underscored/money/high-yield-savings-accounts?iid=CNNUnderscoredHPcontainer,Others
Taxes are due tomorrow. Here's how to file for an extension,,,https://www.cnn.com/cnn-underscored/money/how-to-file-taxes?iid=CNNUnderscoredHPcontainer,Others
Composting is an easy way to reduce food waste. Here's how to do it,,,https://www.cnn.com/cnn-underscored/home/how-to-compost-at-home?iid=CNNUnderscoredHPcontainer,Others
We stopped using aluminum foil for cooking and you should too. Here's what to use instead,,,https://www.cnn.com/cnn-underscored/reviews/mmmat-silicone-mats?iid=CNNUnderscoredHPcontainer,Others
The beloved Dyson Supersonic hair dryer is at its lowest price ever,,,https://www.cnn.com/cnn-underscored/deals/dyson-supersonic-sale-2023-04-17?iid=CNNUnderscoredHPcontainer?iid=CNNUnderscoredHPcontainer,Others
"Everything you need to know about Way Day 2023, Wayfair's biggest sale of the year",,,https://www.cnn.com/cnn-underscored/deals/wayfair-way-day-2023-04-17?iid=CNNUnderscoredHPcontainer,Others
The 10 best Amazon deals to shop this week,,,https://www.cnn.com/cnn-underscored/deals/best-amazon-deals-2023-04-12?iid=CNNUnderscoredHPcontainer,Others
Mifepristone saved my life,"The ruling earlier this month by a Texas federal judge to suspend the US Food and Drug Administration's approval of a drug that is used frequently for medication abortions, is very personal for me.","Tue, 18 Apr 2023 11:30:00 GMT",https://www.cnn.com/2023/04/18/opinions/medication-abortion-mifepristone-miscarriage-jones-ctpr/index.html,Others
The 2024 presidential alternative many voters will want,,,https://www.cnn.com/2023/04/18/opinions/2024-presidential-election-alternative-voters-lieberman,Others
Why isn't the House Judiciary Committee looking into Thomas?,"On Monday, the GOP-controlled House Judiciary Committee ‚Äî chaired by Donald Trump ally Rep. Jim Jordan ‚Äî is set to hold a field hearing in New York City called ""Victims of Violent Crime in Manhattan."" A statement bills the hearing as an examination of how, the Judiciary Committee says, Manhattan District Attorney Alvin Bragg's policies have ""led to an increase in violent crime and a dangerous community for New York City residents.""","Mon, 17 Apr 2023 11:37:37 GMT",https://www.cnn.com/2023/04/17/opinions/jim-jordan-clarence-thomas-judiciary-committee-obeidallah/index.html,Others
Top secrets come spilling out,"In 1917, British analysts deciphered a coded message the German foreign minister sent to one of his country's diplomats vowing to begin ""unrestricted submarine warfare"" and seeking to win over Mexico with a promise to ""reconquer the lost territory in Texas, New Mexico and Arizona"" if the US entered the world war. When it became public, the Zimmerman Telegram caused a sensation, helping propel the US into the conflict against Germany.","Sun, 16 Apr 2023 11:22:36 GMT",https://www.cnn.com/2023/04/16/opinions/top-secrets-come-spilling-out-opinion-column-galant/index.html,Others
How did Sudan go from casting off despotic rule to this?,"Four years ago, almost to the day, the people of Sudan were celebrating a revolution after overthrowing longtime dictator Omar al-Bashir. Now the East African country faces the possibility of a complete collapse similar to the chaos we see today in Yemen or Libya.","Mon, 17 Apr 2023 22:45:23 GMT",https://www.cnn.com/2023/04/17/opinions/sudan-revolution-to-civil-war-lynch/index.html,Others
Michelle Yeoh set to return in new 'Star Trek' movie,"Live long and prosper, Michelle Yeoh.","Tue, 18 Apr 2023 19:11:23 GMT",https://www.cnn.com/2023/04/18/entertainment/michelle-yeoh-star-trek-section-31/index.html,Others
Recap: 'Succession' finds dark humor in the aftershocks,"After the shock came the aftershocks, the power vacuum, and perhaps most significantly and impressively, the laughs, as ""Succession"" pivoted to face life after Logan Roy, in an episode that finally put the HBO show's title into full flower.","Mon, 17 Apr 2023 02:28:12 GMT",https://www.cnn.com/2023/04/16/entertainment/succession-season-4-episode-4-recap/index.html,Others
"'Yellowjackets' leans hard into '90s music nostalgia, and we're here for it","Of the many dark gifts Showtime's eerie hit series ""Yellowjackets"" serves up for us, the juiciest this season is by far the music.","Mon, 01 May 2023 23:02:04 GMT",https://www.cnn.com/2023/04/14/entertainment/yellowjackets-90s-music/index.html,Others
Jeremy Renner revisits 'the amazing group of people' who helped him recover from his accident,"Jeremy Renner is continuing his recovery after his devastating snowplow accident in January, and recognizing those who've helped him along the way.","Sun, 16 Apr 2023 19:04:10 GMT",https://www.cnn.com/2023/04/16/entertainment/jeremy-renner-update/index.html,Others
Review: 'Barry' takes a whack at its farewell season,"""Barry"" has taken chances from the very beginning, which is certainly true of a fourth and final season that picks up where the third left off, with its hitman-turned-wannabe actor getting arrested. That paves the way for an even darker season that accentuates the show's ensemble aspect while leaning a little too heavily on blurring lines with flights of fancy.","Fri, 14 Apr 2023 12:33:08 GMT",https://www.cnn.com/2023/04/14/entertainment/barry-season-4-review/index.html,Others
New York is lapping San Francisco in the return-to-office race,"<img class=""type:primaryImage"" src=""https://i.kinja-img.com/image/upload/c_fit,q_80,w_636/2d05801dfd6406f66ba077ca660056d6.jpg"" /><p>The Big Apple has more successfully brought its workers back to the office than other major US cities‚Äîespecially San Francisco.<br /></p><p><a href=""https://qz.com/new-york-san-francisco-return-to-office-1851201948"">Read more...</a></p>","Sun, 28 Jan 2024 10:00:00 GMT",https://qz.com/new-york-san-francisco-return-to-office-1851201948,Others
AI girlfriend chatbots won't last,"<img class=""type:primaryImage"" src=""https://i.kinja-img.com/image/upload/c_fit,q_80,w_636/7532a116eed8ae00b36baa1e331c3ba2.jpg"" /><p>Relationship <a class=""sc-1out364-0 dPMosf sc-145m8ut-0 lcFFec js_link"" href=""https://qz.com/more-than-2-500-apps-launched-in-2023-with-chatbot-in-1851153054"" rel=""noopener noreferrer"" target=""_blank"">chatbots</a> are all the rage right now. Just look at the plethora of <a class=""sc-1out364-0 dPMosf sc-145m8ut-0 lcFFec js_link"" href=""https://qz.com/ai-girlfriend-bots-are-already-flooding-openai-s-gpt-st-1851159131"" rel=""noopener noreferrer"" target=""_blank"">AI girlfriend bots that quickly flooded OpenAI‚Äôs GPT store</a> after it launched earlier this month‚Äîeven though they seemed to violate the new store‚Äôs rules.</p><p><a href=""https://qz.com/ai-girlfriend-chatbots-openai-gpt-store-relationships-1851198193"">Read more...</a></p>","Sat, 27 Jan 2024 10:00:00 GMT",https://qz.com/ai-girlfriend-chatbots-openai-gpt-store-relationships-1851198193,Others
"Weekend Tech Innovation Roundup January 27, 2024","<img class=""type:primaryImage"" src=""https://i.kinja-img.com/image/upload/c_fit,q_80,w_636/4611ae84e32bc161fb91376c38884269.jpg"" /><p>Fears of robots taking over people‚Äôs jobs have been a recurring theme <a class=""sc-1out364-0 dPMosf sc-145m8ut-0 lcFFec js_link"" href=""https://qz.com/1681832/the-history-of-the-future-of-work#:~:text=Today%20many%20worry%20that%20strides,supposedly%20denied%20a%20patent%20to"" rel=""noopener noreferrer"" target=""_blank"">for centuries</a>, and with recent advancements in AI, the <a class=""sc-1out364-0 dPMosf sc-145m8ut-0 lcFFec js_link"" href=""https://www.bbc.com/worklife/article/20230418-ai-anxiety-artificial-intelligence-replace-jobs"" rel=""noopener noreferrer"" target=""_blank"">anxiety has resurfaced</a>. But fear not, humans! A <a class=""sc-1out364-0 dPMosf sc-145m8ut-0 lcFFec js_link"" href=""https://www.bloomberg.com/news/articles/2024-01-22/humans-still-cheaper-than-ai-in-vast-majority-of-jobs-mit-finds?sref=P6Q0mxvj"" rel=""noopener noreferrer"" target=""_blank"">new study </a>from the Massachusetts Institute of Technology (MIT) offers a reassuring perspective: most jobs are currently too expensive to automate‚Ä¶</p><p><a href=""https://qz.com/weekend-tech-innovation-roundup-january-27-2024-1851201024"">Read more...</a></p>","Sat, 27 Jan 2024 09:00:00 GMT",https://qz.com/weekend-tech-innovation-roundup-january-27-2024-1851201024,Others
"Weekend Money Markets Roundup January 27, 2024","<img class=""type:primaryImage"" src=""https://i.kinja-img.com/image/upload/c_fit,q_80,w_636/e092f8d68ef4c43063c0cdff9362524b.jpg"" /><p>There was a whole lot of excitement around the prospect of exchange-traded bitcoin funds a couple weeks ago, when the US Securities and Exchange Commission announced that it had <a class=""sc-1out364-0 dPMosf sc-145m8ut-0 lcFFec js_link"" href=""https://qz.com/first-bitcoin-exchange-traded-funds-are-cleared-by-us-r-1851157071"" rel=""noopener noreferrer"" target=""_blank"">approved use of the investing tool</a>. Someone even <a class=""sc-1out364-0 dPMosf sc-145m8ut-0 lcFFec js_link"" href=""https://www.reuters.com/technology/sec-account-hack-renews-spotlight-xs-security-concerns-2024-01-10/"" rel=""noopener noreferrer"" target=""_blank"">hacked the SEC‚Äôs account on the X social media platform</a> to break the news early! But that‚Ä¶</p><p><a href=""https://qz.com/weekend-money-markets-roundup-january-27-2024-1851201022"">Read more...</a></p>","Sat, 27 Jan 2024 09:00:00 GMT",https://qz.com/weekend-money-markets-roundup-january-27-2024-1851201022,Others
"Weekend Business News Roundup January 27, 2024","<img class=""type:primaryImage"" src=""https://i.kinja-img.com/image/upload/c_fit,q_80,w_636/691653f5045499e4600939c8f7469625.jpg"" /><p>Japan and Singapore enjoyed the shared distinction of <a class=""sc-1out364-0 dPMosf sc-145m8ut-0 lcFFec js_link"" href=""https://qz.com/most-powerful-passports-2023-ranking-1850024908"" rel=""noopener noreferrer"" target=""_blank"">having the most powerful passports in the world</a> since 2019. But they‚Äôre not alone anymore. </p><p><a href=""https://qz.com/weekend-business-news-roundup-january-27-2024-1851201021"">Read more...</a></p>","Sat, 27 Jan 2024 09:00:00 GMT",https://qz.com/weekend-business-news-roundup-january-27-2024-1851201021,Others
AmEx members expensed $100 billion at restaurants last year,"<img class=""type:primaryImage"" src=""https://i.kinja-img.com/image/upload/c_fit,q_80,w_636/595ce2621cb29cf1368539618fa01843.jpg"" /><p>They might not be flying as much, and they might be a skosh late on their bills, but American Express customers sure do love to eat. For the first time in 2023, they expensed more than $100 billion at restaurants around the world.</p><p><a href=""https://qz.com/amex-members-expensed-100-billion-restaurants-2023-1851202356"">Read more...</a></p>","Fri, 26 Jan 2024 21:43:00 GMT",https://qz.com/amex-members-expensed-100-billion-restaurants-2023-1851202356,Others
"Big Tech's investments in AI has regulators asking Microsoft, Amazon, and Google some questions","<img class=""type:primaryImage"" src=""https://i.kinja-img.com/image/upload/c_fit,q_80,w_636/a41aaade0aa5e4911d0d248ce34c692a.jpg"" /><p>It was only a matter of time before the US Federal Trade Commission (FTC), which regulates competition, decided to i<a class=""sc-1out364-0 dPMosf sc-145m8ut-0 lcFFec js_link"" href=""https://www.ftc.gov/news-events/news/press-releases/2024/01/ftc-launches-inquiry-generative-ai-investments-partnerships"" rel=""noopener noreferrer"" target=""_blank"">nvestigate big tech‚Äôs partnerships with AI companies</a>. The agency is looking specifically at three separate multi-billion-dollar investments, including Microsoft and OpenAI, Amazon and Anthropic, and‚Ä¶</p><p><a href=""https://qz.com/microsoft-amazon-google-ai-investments-ftc-1851202060"">Read more...</a></p>","Fri, 26 Jan 2024 21:40:00 GMT",https://qz.com/microsoft-amazon-google-ai-investments-ftc-1851202060,Others
"Microsoft, Google, Salesforce, and more: 2024 starts with tech layoffs already set to surpass last year","<img class=""type:primaryImage"" src=""https://i.kinja-img.com/image/upload/c_fit,q_80,w_636/cc77853c21f262c97bfa16534d527fde.jpg"" /><p>There have been <a class=""sc-1out364-0 dPMosf sc-145m8ut-0 lcFFec js_link"" href=""https://qz.com/tech-layoffs-might-surpass-2023-1851198088"" rel=""noopener noreferrer"" target=""_blank"">more than 24,000 layoffs in the tech industry</a> in just the first few weeks of 2024. The total number of<a class=""sc-1out364-0 dPMosf sc-145m8ut-0 lcFFec js_link"" href=""https://qz.com/tech-layoffs-might-surpass-2023-1851198088"" rel=""noopener noreferrer"" target=""_blank""> job cuts doubled this week alone</a>, squashing hopes for an end to <a class=""sc-1out364-0 dPMosf sc-145m8ut-0 lcFFec js_link"" href=""https://qz.com/from-overhiring-to-optionality-what-we-can-learn-from-1850267076"" rel=""noopener noreferrer"" target=""_blank"">last year‚Äôs doom and gloom in tech</a>.</p><p><a href=""https://qz.com/google-amazon-apple-tech-layoffs-1851173569"">Read more...</a></p>","Fri, 26 Jan 2024 19:37:00 GMT",https://qz.com/google-amazon-apple-tech-layoffs-1851173569,Others
Biden's natural gas export pause adds to his mixed climate record,"<img class=""type:primaryImage"" src=""https://i.kinja-img.com/image/upload/c_fit,q_80,w_636/7546d060302a99ed037e7c49b0df3970.jpg"" /><p>The Biden Administration is trying to have its cake and eat it too when it comes to fossil fuels and climate policy. The <a class=""sc-1out364-0 dPMosf sc-145m8ut-0 lcFFec js_link"" href=""https://www.whitehouse.gov/briefing-room/statements-releases/2024/01/26/fact-sheet-biden-harris-administration-announces-temporary-pause-on-pending-approvals-of-liquefied-natural-gas-exports/"" rel=""noopener noreferrer"" target=""_blank"">White House announced Friday</a> (Jan. 26) that it was going to pause all pending approvals of natural gas export facility projects, including Calcasieu Pass 2 facility in Louisiana, which would have‚Ä¶</p><p><a href=""https://qz.com/biden-pause-biggest-natural-gas-export-project-1851201347"">Read more...</a></p>","Fri, 26 Jan 2024 19:24:00 GMT",https://qz.com/biden-pause-biggest-natural-gas-export-project-1851201347,Others
"Southwest, American, and Delta are feeling the impacts of Boeing's troubles","<img class=""type:primaryImage"" src=""https://i.kinja-img.com/image/upload/c_fit,q_80,w_636/87927b967b81ee8e61b078c1e5bea263.jpg"" /><p>It‚Äôs not just <a class=""sc-1out364-0 dPMosf sc-145m8ut-0 lcFFec js_link"" href=""https://qz.com/united-airlines-says-its-growth-will-slow-for-years-bec-1851189943"" rel=""noopener noreferrer"" target=""_blank"">United Airlines</a> and Alaska Airlines that were <a class=""sc-1out364-0 dPMosf sc-145m8ut-0 lcFFec js_link"" href=""https://qz.com/737-max-9-united-alaska-return-to-air-1851196101"" rel=""noopener noreferrer"" target=""_blank"">impacted</a> by the <a class=""sc-1out364-0 dPMosf sc-145m8ut-0 lcFFec js_link"" href=""https://qz.com/boeing-737-max-9-alaska-airlines-stock-fallout-1851156730"" rel=""noopener noreferrer"" target=""_blank"">grounding of Boeing‚Äôs 737 Max 9s</a>. Delta, Southwest, and American have taken a gut punch, too.<br /></p><p><a href=""https://qz.com/southwest-american-and-delta-feel-the-impacts-of-boei-1851200829"">Read more...</a></p>","Fri, 26 Jan 2024 17:53:00 GMT",https://qz.com/southwest-american-and-delta-feel-the-impacts-of-boei-1851200829,Others
Elon Musk's AI startup is reportedly looking to raise up to $6 billion,"<img class=""type:primaryImage"" src=""https://i.kinja-img.com/image/upload/c_fit,q_80,w_636/1e3b0a6c83a146ea9901be5df186961c.jpg"" /><p>Looks like Elon Musk is trying to mount a challenge to OpenAI‚Äîwith some serious funding behind it. His competitor xAI is reportedly in talks to raise up to $6 billion at a proposed valuation of $20 billion, the Financial Times <a class=""sc-1out364-0 dPMosf sc-145m8ut-0 lcFFec js_link"" href=""https://www.ft.com/content/28983bdc-2a38-4103-beae-08d9542ab69d"" rel=""noopener noreferrer"" target=""_blank"">reported on Friday</a> (Jan. 26).<br /></p><p><a href=""https://qz.com/elon-musks-ai-startup-is-reportedly-looking-to-raise-up-1851200609"">Read more...</a></p>","Fri, 26 Jan 2024 16:54:00 GMT",https://qz.com/elon-musks-ai-startup-is-reportedly-looking-to-raise-up-1851200609,Others
üåé Is 2024 the year of tech layoffs?,"<img class=""type:primaryImage"" src=""https://i.kinja-img.com/image/upload/c_fit,q_80,w_636/21871a1358c3ed2238ff196a7ea9b36f.jpg"" /><p>Good morning, Quartz readers!<br /></p><p><a href=""https://qz.com/emails/daily-brief/1851199044/is-2024-the-year-of-tech-layoffs"">Read more...</a></p>","Fri, 26 Jan 2024 13:06:00 GMT",https://qz.com/emails/daily-brief/1851199044/is-2024-the-year-of-tech-layoffs,Others
Europe's economic security plan needs to play both defense and offense,"<img class=""type:primaryImage"" src=""https://i.kinja-img.com/image/upload/c_fit,q_80,w_636/79d59ede37de02ce93d5eb6105dbab7b.jpg"" /><p>The European Union this week <a class=""sc-1out364-0 dPMosf sc-145m8ut-0 lcFFec js_link"" href=""https://ec.europa.eu/commission/presscorner/detail/en/IP_24_363"" rel=""noopener noreferrer"" target=""_blank"">published a raft of proposals</a> aimed at bolstering the bloc‚Äôs economic security, including how to better scrutinize inbound investments, monitor risks associated with outbound investments,  and regulate exports of sensitive technologies. </p><p><a href=""https://qz.com/europe-china-economic-security-1851199793"">Read more...</a></p>","Fri, 26 Jan 2024 10:01:00 GMT",https://qz.com/europe-china-economic-security-1851199793,Others
Sephora tweens are giving LVMH's profits a nice glow,"<img class=""type:primaryImage"" src=""https://i.kinja-img.com/image/upload/c_fit,q_80,w_636/fad8a091789fc7d082dea33ff925e178.jpg"" /><p>Everyone‚Äôs been talking about the Sephora tweens: Young customers who flock to the beauty store in search of pricey skincare products to rejuvenate faces too young to register the wear and tear of life. Some people are <a class=""sc-1out364-0 dPMosf sc-145m8ut-0 lcFFec js_link"" href=""https://www.dailymail.co.uk/femail/article-12984249/sephora-teens-ruin-beauty-product-samples-store.html"" rel=""noopener noreferrer"" target=""_blank"">scared of them</a>. Some are <a class=""sc-1out364-0 dPMosf sc-145m8ut-0 lcFFec js_link"" href=""https://www.axios.com/2024/01/25/sephora-kids-tweens-anti-aging-skin-care-parents"" rel=""noopener noreferrer"" target=""_blank"">scared for them</a>. Some would like to remind horrified onlookers that <a class=""sc-1out364-0 dPMosf sc-145m8ut-0 lcFFec js_link"" href=""https://www.allure.com/story/sephora-tweens-are-nothing-new"" rel=""noopener noreferrer"" target=""_blank"">they‚Ä¶</a></p><p><a href=""https://qz.com/sephora-tweens-lvmh-profits-boost-1851198488"">Read more...</a></p>","Thu, 25 Jan 2024 22:20:00 GMT",https://qz.com/sephora-tweens-lvmh-profits-boost-1851198488,Others
Tech layoffs are already on pace to surpass last year after another brutal week,"<img class=""type:primaryImage"" src=""https://i.kinja-img.com/image/upload/c_fit,q_80,w_636/d2908e8d2d1e0082b28aebecaed68a58.jpg"" /><p><br /></p><p><a href=""https://qz.com/tech-layoffs-might-surpass-2023-1851198088"">Read more...</a></p>","Thu, 25 Jan 2024 21:46:48 GMT",https://qz.com/tech-layoffs-might-surpass-2023-1851198088,Others
The Fed hasn't killed the economy yet,"<img class=""type:primaryImage"" src=""https://i.kinja-img.com/image/upload/c_fit,q_80,w_636/8aa21efe6ed575d1b3f855fa7ff9f615.jpg"" /><p>Lots of people would love it if the Federal Reserve cut interest rates soon. Investors want cheaper money. Homeowners want cheaper mortgages. Consumers want cheaper credit card bills. And for a while, there was <a class=""sc-1out364-0 dPMosf sc-145m8ut-0 lcFFec js_link"" href=""https://qz.com/speculation-about-eventual-rate-cuts-is-rising-but-fed-1851088754"" rel=""noopener noreferrer"" target=""_blank"">a lot of pressure</a> on the Fed to give them what they wanted out of fears that holding rates too high would <a class=""sc-1out364-0 dPMosf sc-145m8ut-0 lcFFec js_link"" href=""https://www.epi.org/blog/the-fed-should-stand-pat-on-further-interest-rate-hikes-at-this-weeks-meeting-inflation-is-easing-even-as-the-labor-market-remains-strong/"" rel=""noopener noreferrer"" target=""_blank"">dam‚Ä¶</a></p><p><a href=""https://qz.com/fed-interest-rate-cuts-not-coming-soon-1851197420"">Read more...</a></p>","Thu, 25 Jan 2024 19:44:00 GMT",https://qz.com/fed-interest-rate-cuts-not-coming-soon-1851197420,Others
Americans are shopping their way to a stronger economy,"<img class=""type:primaryImage"" src=""https://i.kinja-img.com/image/upload/c_fit,q_80,w_636/5b5434cb653ccfccdf3a715c1272a77e.jpg"" /><p>The economy is still humming! </p><p><a href=""https://qz.com/shopping-is-driving-us-economy-1851196614"">Read more...</a></p>","Thu, 25 Jan 2024 17:48:00 GMT",https://qz.com/shopping-is-driving-us-economy-1851196614,Others
How to find a new job and make more money | Your Wallet,"<img class=""type:primaryImage"" src=""https://i.kinja-img.com/image/upload/c_fit,q_80,w_636/ec54b05809dd9f012f063a2b146b8412.jpg"" /><p><a href=""https://qz.com/how-to-find-a-new-job-and-make-more-money-your-wallet-1851197222"">Read more...</a></p>","Thu, 25 Jan 2024 17:39:27 GMT",https://qz.com/how-to-find-a-new-job-and-make-more-money-your-wallet-1851197222,Others
Tesla‚Äôs time in the sun is over as EV imports are soaring,"<img class=""type:primaryImage"" src=""https://i.kinja-img.com/image/upload/c_fit,q_80,w_636/2508d5a0a857815754da45e28b26bbbc.jpg"" /><p>In a shareholder <a class=""sc-1out364-0 dPMosf sc-145m8ut-0 lcFFec js_link"" href=""https://digitalassets.tesla.com/tesla-contents/image/upload/IR/TSLA-Q4-2023-Update.pdf"" rel=""noopener noreferrer"" target=""_blank"">letter Wednesday</a> (Jan. 25), Tesla said that vehicle volume growth may be ‚Äúnotably lower‚Äù than the rate from a year ago.<br /></p><p><a href=""https://qz.com/tesla-outlook-ev-import-soar-1851196877"">Read more...</a></p>","Thu, 25 Jan 2024 17:27:00 GMT",https://qz.com/tesla-outlook-ev-import-soar-1851196877,Others
üöÄ Space Business: A lunar new year,"<img class=""type:primaryImage"" src=""https://i.kinja-img.com/image/upload/c_fit,q_80,w_636/97c84332e690c368f43fa8d5c6e9f937.jpg"" /><p>We‚Äôll be taking a break from Space Business for a bit! In the meantime, keep your eyes on the skies (and if you want more Quartz in your inbox, <a class=""sc-1out364-0 dPMosf sc-145m8ut-0 lcFFec js_link"" href=""https://qz.com/newsletter"" rel=""noopener noreferrer"" target=""_blank"">check out our other newsletters</a>)!</p><p><a href=""https://qz.com/emails/space-business/1851194792/space-business-a-lunar-new-year"">Read more...</a></p>","Thu, 25 Jan 2024 15:59:00 GMT",https://qz.com/emails/space-business/1851194792/space-business-a-lunar-new-year,Others
United and Alaska Airlines' Boeing 737 Max 9 planes will return to the air,"<img class=""type:primaryImage"" src=""https://i.kinja-img.com/image/upload/c_fit,q_80,w_636/9ceefd457e30e993cb47c862d3e1eb99.jpg"" /><p>The US Federal Aviation Administration said grounded Boeing 737 Max 9 airplanes will be cleared to return to the skies after it does an inspection and maintenance check.<br /></p><p><a href=""https://qz.com/737-max-9-united-alaska-return-to-air-1851196101"">Read more...</a></p>","Thu, 25 Jan 2024 15:07:00 GMT",https://qz.com/737-max-9-united-alaska-return-to-air-1851196101,Others
Subway made a big investment in new meat slicers and it's not looking good,"<img class=""type:primaryImage"" src=""https://i.kinja-img.com/image/upload/c_fit,q_80,w_636/544cc9ab7abe867dc91339e6fe1b502b.jpg"" /><p>When Subway announced last year that it would be removing pre-sliced meat from its assembly line and <a class=""sc-1out364-0 dPMosf sc-145m8ut-0 lcFFec js_link"" href=""https://thetakeout.com/subway-locations-deli-slicer-meat-better-sandwich-menu-1850071133"">adding automatic deli slicers</a> to its more than 20,000 locations, the intention was to improve the chain‚Äôs overall sandwich quality. Just six months after this systemwide change, however, Restaurant Business reports <a class=""sc-1out364-0 dPMosf sc-145m8ut-0 lcFFec js_link"" href=""https://www.restaurantbusinessonline.com/financing/some-subway-operators-slicers-arent-all-theyre-sliced-be"" rel=""noopener noreferrer"" target=""_blank"">Subw‚Ä¶</a></p><p><a href=""https://qz.com/subway-meat-slicers-1851195872"">Read more...</a></p>","Thu, 25 Jan 2024 13:42:00 GMT",https://qz.com/subway-meat-slicers-1851195872,Others
Huge market headwinds made house flipper profits less gigantic last year,"<img class=""type:primaryImage"" src=""https://i.kinja-img.com/image/upload/c_fit,q_80,w_636/163cf5ff0049365381b4b601d705ddd5.jpg"" /><p>A lot of people don‚Äôt want to sell their houses because their interest rates are too good and they‚Äôre scared they won‚Äôt be able to afford something better. A lot of people can‚Äôt buy a house because interest rates are too high and they can‚Äôt afford anything at all. So when transactions do happen‚Äîin 2023, existing US‚Ä¶</p><p><a href=""https://qz.com/selling-houses-less-profitable-2023-1851194261"">Read more...</a></p>","Thu, 25 Jan 2024 05:00:00 GMT",https://qz.com/selling-houses-less-profitable-2023-1851194261,Others
2024's most powerful passports ranked,"<img class=""type:primaryImage"" src=""https://i.kinja-img.com/image/upload/c_fit,q_80,w_636/88de51e230776489259a014e629a925f.jpg"" /><p>Japan and Singapore enjoyed the shared distinction of <a class=""sc-1out364-0 dPMosf sc-145m8ut-0 lcFFec js_link"" href=""https://qz.com/most-powerful-passports-2023-ranking-1850024908"" rel=""noopener noreferrer"" target=""_blank"">having the most powerful passports in the world</a> since 2019. But they‚Äôre not alone anymore. </p><p><a href=""https://qz.com/most-powerful-passports-2024-world-rankings-1851177985"">Read more...</a></p>","Wed, 24 Jan 2024 21:28:31 GMT",https://qz.com/most-powerful-passports-2024-world-rankings-1851177985,Others
Tesla has been a tech stock stinker as Microsoft joins Apple in the $3 trillion club,"<img class=""type:primaryImage"" src=""https://i.kinja-img.com/image/upload/c_fit,q_80,w_636/aac2eab778880d7284d7f4648437ad03.jpg"" /><p>At the top of the year, the Wall Street Journal <a class=""sc-1out364-0 dPMosf sc-145m8ut-0 lcFFec js_link"" href=""https://www.wsj.com/finance/optimism-abounds-wall-street-this-new-year-a0ec5cc0"" rel=""noopener noreferrer"" target=""_blank"">let the world know</a> about the ‚ÄúMagnificent Seven,‚Äù a basket of tech stocks that traders were hyping up for the high profits amid a period of economic uncertainty. </p><p><a href=""https://qz.com/tesla-stock-down-magnificent-seven-microsoft-apple-1851194022"">Read more...</a></p>","Wed, 24 Jan 2024 21:23:00 GMT",https://qz.com/tesla-stock-down-magnificent-seven-microsoft-apple-1851194022,Others
Shah Rukh Khan: The king of cinema is back,"<img class=""type:primaryImage"" src=""https://i.kinja-img.com/image/upload/c_fit,q_80,w_636/ab36dd4905fad76f26e1cc4cdbaa47b9.jpg"" /><p><strong>Back with a bang</strong><br /></p><p><a href=""https://qz.com/emails/quartz-obsession/1851193320/shah-rukh-khan-the-king-of-cinema-is-back"">Read more...</a></p>","Wed, 24 Jan 2024 21:08:00 GMT",https://qz.com/emails/quartz-obsession/1851193320/shah-rukh-khan-the-king-of-cinema-is-back,Others
Netflix password-sharing crackdown and price hikes will drive revenue 'for years',"<img class=""type:primaryImage"" src=""https://i.kinja-img.com/image/upload/c_fit,q_80,w_636/a32d9d4a925ebadbd05c002fe9668555.jpg"" /><p>Netflix‚Äôs <a class=""sc-1out364-0 dPMosf sc-145m8ut-0 lcFFec js_link"" href=""https://qz.com/netflix-password-sharing-crackdown-us-household-1850468506"" rel=""noopener noreferrer"" target=""_blank"">password-sharing crackdown</a>‚Äîwhich the company more affectionately calls ‚Äúpaid sharing,‚Äù ‚Äúthe right nudge at the right time‚Äù‚Äînot only paid off immediately after the company implemented it last May, but even more so in the months that followed.<br /></p><p><a href=""https://qz.com/netflix-password-sharing-crackdown-and-price-hikes-are-1851193478"">Read more...</a></p>","Wed, 24 Jan 2024 20:10:00 GMT",https://qz.com/netflix-password-sharing-crackdown-and-price-hikes-are-1851193478,Others
It turns out oil gets more expensive to ship when boats go boom in the Red Sea,"<img class=""type:primaryImage"" src=""https://i.kinja-img.com/image/upload/c_fit,q_80,w_636/dd7143e78390e16321add067c3440b5f.jpg"" /><p>The oil comes out the ground, the oil gets sold, the oil gets shipped somewhere, the oil gets turned into gasoline and plastic and all the stuff we use to go about our lives. All of these steps in the process affect the price of the oil itself, and three of them get the most attention, but only one of them is getting‚Ä¶</p><p><a href=""https://qz.com/fighting-red-sea-oil-prices-increasing-1851192473"">Read more...</a></p>","Wed, 24 Jan 2024 19:31:07 GMT",https://qz.com/fighting-red-sea-oil-prices-increasing-1851192473,Others
Musicians are bargaining with Hollywood over AI,"<img class=""type:primaryImage"" src=""https://i.kinja-img.com/image/upload/c_fit,q_80,w_636/fbdd9fa1aacb02aff64c9b5bcd3d587c.jpg"" /><p>First, it was writers and actors. Then, it was <a class=""sc-1out364-0 dPMosf sc-145m8ut-0 lcFFec js_link"" href=""https://qz.com/the-marvel-universe-has-new-avengers-visual-effects-wo-1850718359"" rel=""noopener noreferrer"" target=""_blank"">visual effects workers</a>. Now, it‚Äôs musicians who are demanding Hollywood studios provide pay and consent for using artificial intelligence.</p><p><a href=""https://qz.com/afm-amptp-musicians-union-artificial-intelligence-1851192257"">Read more...</a></p>","Wed, 24 Jan 2024 19:31:00 GMT",https://qz.com/afm-amptp-musicians-union-artificial-intelligence-1851192257,Others
Writing your resume for a robot,"<img class=""type:primaryImage"" src=""https://i.kinja-img.com/image/upload/c_fit,q_80,w_636/e8293aeefafb69150ef3284b5e3197ba.jpg"" /><p>Hello, Quartz at Work readers!</p><p><a href=""https://qz.com/emails/quartz-at-work/1851192214/writing-your-resume-for-a-robot"">Read more...</a></p>","Wed, 24 Jan 2024 15:01:00 GMT",https://qz.com/emails/quartz-at-work/1851192214/writing-your-resume-for-a-robot,Others
"The best jobs of 2024, according to Indeed","<img class=""type:primaryImage"" src=""https://i.kinja-img.com/image/upload/c_fit,q_80,w_636/ae46eb49811ec34b3fc57d408f0dd2ac.jpg"" /><p>The top jobs in the US in 2024 are in mental healthcare, according to Indeed ‚Äî and mental health technicians, mental health therapists, and psychiatrists are the best ones to apply for this year.</p><p><a href=""https://qz.com/best-jobs-2024-indeed-mental-healthcare-1851190781"">Read more...</a></p>","Wed, 24 Jan 2024 15:00:00 GMT",https://qz.com/best-jobs-2024-indeed-mental-healthcare-1851190781,Others
Why the US economy might be headed for a bumpy landing | Smart Investing,"<img class=""type:primaryImage"" src=""https://i.kinja-img.com/image/upload/c_fit,q_80,w_636/86871ee7a25653bcf3a70082b5ebd1ab.jpg"" /><p><a href=""https://qz.com/why-the-us-economy-might-be-headed-for-a-bumpy-landing-1851189884"">Read more...</a></p>","Wed, 24 Jan 2024 12:00:00 GMT",https://qz.com/why-the-us-economy-might-be-headed-for-a-bumpy-landing-1851189884,Others
AI is coming for your job application long before it comes for your job,"<img class=""type:primaryImage"" src=""https://i.kinja-img.com/image/upload/c_fit,q_80,w_636/9ec9150402a1ef48deaa0384334f39de.jpg"" /><p>In late 2017, Hilke Schellmann was closing out a conference in Washington, DC, when she hailed a ride to the train station. The filmmaker and New York University journalism professor hopped in her Lyft,  asked  the driver how he was doing, and was met with a pause. It had been a strange day, he answered. He‚Äôd applied‚Ä¶</p><p><a href=""https://qz.com/hr-software-ai-algorithms-bias-1851190372"">Read more...</a></p>","Wed, 24 Jan 2024 10:00:00 GMT",https://qz.com/hr-software-ai-algorithms-bias-1851190372,Others
United Airlines says growth will slow for years because of Boeing's 737 troubles,"<img class=""type:primaryImage"" src=""https://i.kinja-img.com/image/upload/c_fit,q_80,w_636/b058e7f7173bd8be72f23c8a20d8bdaf.jpg"" /><p>United Airlines expects its capacity growth to slow in the coming years, thanks to the  drama at its biggest aircraft supplier, Boeing.<br /></p><p><a href=""https://qz.com/united-airlines-says-its-growth-will-slow-for-years-bec-1851189943"">Read more...</a></p>","Tue, 23 Jan 2024 23:26:50 GMT",https://qz.com/united-airlines-says-its-growth-will-slow-for-years-bec-1851189943,Others
Lots of people started selling bitcoin after the SEC made it easier to buy,"<img class=""type:primaryImage"" src=""https://i.kinja-img.com/image/upload/c_fit,q_80,w_636/fb09f7ab32c9ab32711162accdc6c3f8.jpg"" /><p>There was a whole lot of excitement around the prospect of exchange-traded bitcoin funds a couple weeks ago, when the US Securities and Exchange Commission announced that it had <a class=""sc-1out364-0 dPMosf sc-145m8ut-0 lcFFec js_link"" href=""https://qz.com/first-bitcoin-exchange-traded-funds-are-cleared-by-us-r-1851157071"" rel=""noopener noreferrer"" target=""_blank"">approved use of the investing tool</a>. Someone even <a class=""sc-1out364-0 dPMosf sc-145m8ut-0 lcFFec js_link"" href=""https://www.reuters.com/technology/sec-account-hack-renews-spotlight-xs-security-concerns-2024-01-10/"" rel=""noopener noreferrer"" target=""_blank"">hacked the SEC‚Äôs account on the X social media platform</a> to break the news early! But that‚Ä¶</p><p><a href=""https://qz.com/lots-of-people-started-selling-bitcoin-after-the-sec-ma-1851190395"">Read more...</a></p>","Tue, 23 Jan 2024 23:25:48 GMT",https://qz.com/lots-of-people-started-selling-bitcoin-after-the-sec-ma-1851190395,Others
"Brex, once a Silicon Valley darling, is laying off 20% of its workforce","<img class=""type:primaryImage"" src=""https://i.kinja-img.com/image/upload/c_fit,q_80,w_636/6529f0dc9506f74ecf6a34d91db969fb.jpg"" /><p><a class=""sc-1out364-0 dPMosf sc-145m8ut-0 lcFFec js_link"" href=""https://qz.com/1721642/brex-cash-claims-sipc-protection-checking-poses-a-challenge"" rel=""noopener noreferrer"" target=""_blank"">Brex</a>, a US <a class=""sc-1out364-0 dPMosf sc-145m8ut-0 lcFFec js_link"" href=""https://qz.com/emails/future-of-finance/1744003/quartz-future-of-finance-what-fintech-means-to-visa-and-mastercard"" rel=""noopener noreferrer"" target=""_blank"">fintech</a> startup, has cut more than 200 employees from its 1,000-person workforce. This move shows that even a decacorn‚Äîa privately held company with a valuation topping $10 billion‚Äîisn‚Äôt immune to job losses. The startup said it‚Äôs doing some restructuring, according to an email sent today (Jan. 23) to an‚Ä¶</p><p><a href=""https://qz.com/brex-once-a-silicon-valley-darling-is-laying-off-20-1851189051"">Read more...</a></p>","Tue, 23 Jan 2024 18:42:00 GMT",https://qz.com/brex-once-a-silicon-valley-darling-is-laying-off-20-1851189051,Others
Netflix is paying $5 billion to be the home of WWE's Monday Night Raw,"<img class=""type:primaryImage"" src=""https://i.kinja-img.com/image/upload/c_fit,q_80,w_636/4655637a938ad6a6701a90d1718709f4.jpg"" /><p>Once upon a time, the main proposition of streaming services like Netflix was that you could watch what you wanted, when you wanted. But as the services have increasingly started bailing on creating original content that users could pick up from libraries, they‚Äôve been investing more in live events such as sports.‚Ä¶</p><p><a href=""https://qz.com/netflix-is-paying-5-billion-to-be-the-home-of-wwes-mon-1851188480"">Read more...</a></p>","Tue, 23 Jan 2024 18:39:00 GMT",https://qz.com/netflix-is-paying-5-billion-to-be-the-home-of-wwes-mon-1851188480,Others
TikTok workers feel tech's troubles as the company cuts 60 jobs,"<img class=""type:primaryImage"" src=""https://i.kinja-img.com/image/upload/c_fit,q_80,w_636/05c5e1c2009949c0bb6eb7dd2b7f9749.jpg"" /><p>Tech employees have taken to TikTok to tell the world about their layoffs. Now, TikTok workers themselves are the ones with the problem.<br /></p><p><a href=""https://qz.com/tiktok-workers-feel-techs-troubles-as-the-company-cuts-1851188391"">Read more...</a></p>","Tue, 23 Jan 2024 15:01:00 GMT",https://qz.com/tiktok-workers-feel-techs-troubles-as-the-company-cuts-1851188391,Others
China is importing fewer chips and more chipmaking machines,"<img class=""type:primaryImage"" src=""https://i.kinja-img.com/image/upload/c_fit,q_80,w_636/2b52512e1fef42681ebb97f7d5231165.jpg"" /><p>In a clear sign of Beijing‚Äôs efforts to speed up the development of its homegrown semiconductor industry amid Washington‚Äôs intensifying technology restrictions, China‚Äôs imports of chipmaking machines <a class=""sc-1out364-0 dPMosf sc-145m8ut-0 lcFFec js_link"" href=""https://www.bloomberg.com/news/articles/2024-01-22/china-buys-near-record-40-billion-of-chip-gear-to-beat-us-curbs"" rel=""noopener noreferrer"" target=""_blank"">hit a near-record</a> last year‚Äîwhile its chip imports saw their <a class=""sc-1out364-0 dPMosf sc-145m8ut-0 lcFFec js_link"" href=""https://www.bloomberg.com/news/articles/2024-01-15/us-china-chip-war-china-sees-biggest-drop-in-imports-on-record-in-2023"" rel=""noopener noreferrer"" target=""_blank"">steepest decline on record</a>. </p><p><a href=""https://qz.com/china-import-fewer-semiconductors-more-chipmaking-machi-1851188247"">Read more...</a></p>","Tue, 23 Jan 2024 14:29:00 GMT",https://qz.com/china-import-fewer-semiconductors-more-chipmaking-machi-1851188247,Others
One way China is growing more dependent on Taiwan,"<img class=""type:primaryImage"" src=""https://i.kinja-img.com/image/upload/c_fit,q_80,w_636/df5113f60a04b02d6009312b242d5ec0.jpg"" /><p>Intermediate goods are inputs used to produce a final product. Think textiles to make a coat, metals to make a car, and computer chips to make an iPhone. </p><p><a href=""https://qz.com/china-taiwan-intermediate-goods-1851187726"">Read more...</a></p>","Tue, 23 Jan 2024 12:00:00 GMT",https://qz.com/china-taiwan-intermediate-goods-1851187726,Others
1.8 billion reasons why Wall Street loves the fashion world's favorite hiking sneakers,"<img class=""type:primaryImage"" src=""https://i.kinja-img.com/image/upload/c_fit,q_80,w_636/600b3f8558298e0749800591909eda28.jpg"" /><p>Back in 2016, hiking shoe specialist Salomon was set to destroy the molds for its XT-6 sneaker. The model had debuted four years earlier and was getting cycled out. But Jean-Philippe Lalonde, a special projects manager tasked with breaking the company into the fashion world, told the production department to pump the‚Ä¶</p><p><a href=""https://qz.com/1-8-billion-reasons-why-wall-street-loves-the-fashion-w-1851186408"">Read more...</a></p>","Mon, 22 Jan 2024 22:21:00 GMT",https://qz.com/1-8-billion-reasons-why-wall-street-loves-the-fashion-w-1851186408,Others
"Millions live near US railways shipping the toxic chemical that contaminated East Palestine, Ohio","<img class=""type:primaryImage"" src=""https://i.kinja-img.com/image/upload/c_fit,q_80,w_636/c1603ce6c5d0819314bd810ac7ffe889.jpg"" /><p>The toxic, flammable gas that notoriously spilled into the town of East Palestine, Ohio, last year still rides on rail lines through eight major US cities. In fact, as much as <a class=""sc-1out364-0 dPMosf sc-145m8ut-0 lcFFec js_link"" href=""https://toxicfreefuture.org/press-room/new-research-reveals-up-to-36-million-pounds-of-toxic-chemical-vinyl-chloride-are-transported-across-north-american-railways-at-any-moment-putting-millions-at-risk/"" rel=""noopener noreferrer"" target=""_blank"">36 million pounds</a> of the chemical, vinyl chloride,<strong></strong>are carried on trains through the country at any given time, according to a new study by‚Ä¶</p><p><a href=""https://qz.com/millions-live-near-us-railways-shipping-the-toxic-chemi-1851186374"">Read more...</a></p>","Mon, 22 Jan 2024 22:04:00 GMT",https://qz.com/millions-live-near-us-railways-shipping-the-toxic-chemi-1851186374,Others
"It's expensive to replace humans with AI, MIT says","<img class=""type:primaryImage"" src=""https://i.kinja-img.com/image/upload/c_fit,q_80,w_636/c2039d50f7f7c17c675f0e466ead800c.jpg"" /><p>Fears of robots taking over people‚Äôs jobs have been a recurring theme <a class=""sc-1out364-0 dPMosf sc-145m8ut-0 lcFFec js_link"" href=""https://qz.com/1681832/the-history-of-the-future-of-work#:~:text=Today%20many%20worry%20that%20strides,supposedly%20denied%20a%20patent%20to"" rel=""noopener noreferrer"" target=""_blank"">for centuries</a>, and with recent advancements in AI, the <a class=""sc-1out364-0 dPMosf sc-145m8ut-0 lcFFec js_link"" href=""https://www.bbc.com/worklife/article/20230418-ai-anxiety-artificial-intelligence-replace-jobs"" rel=""noopener noreferrer"" target=""_blank"">anxiety has resurfaced</a>. But fear not, humans! A <a class=""sc-1out364-0 dPMosf sc-145m8ut-0 lcFFec js_link"" href=""https://www.bloomberg.com/news/articles/2024-01-22/humans-still-cheaper-than-ai-in-vast-majority-of-jobs-mit-finds?sref=P6Q0mxvj"" rel=""noopener noreferrer"" target=""_blank"">new study </a>from the Massachusetts Institute of Technology (MIT) offers a reassuring perspective: most jobs are currently too expensive to automate‚Ä¶</p><p><a href=""https://qz.com/mit-research-jobs-ai-computer-vision-high-cost-1851184898"">Read more...</a></p>","Mon, 22 Jan 2024 21:46:00 GMT",https://qz.com/mit-research-jobs-ai-computer-vision-high-cost-1851184898,Others
ExxonMobil is suing its own shareholders over a proposal aimed at reducing emissions,"<img class=""type:primaryImage"" src=""https://i.kinja-img.com/image/upload/c_fit,q_80,w_636/fd8ce750e7303f00b1535a0c2ff4461f.jpg"" /><p>The Earth is <a class=""sc-1out364-0 dPMosf sc-145m8ut-0 lcFFec js_link"" href=""https://qz.com/hottest-days-month-ever-recorded-july-2023-1850685494"" rel=""noopener noreferrer"" target=""_blank"">heating up</a>. No doubt. And <a class=""sc-1out364-0 dPMosf sc-145m8ut-0 lcFFec js_link"" href=""https://qz.com/ipcc-report-climate-change-solutions-1850243551"" rel=""noopener noreferrer"" target=""_blank"">one of the chief reasons</a> the Earth is heating up is the consumption of oil and natural gas to power and produce things. Naturally. It makes sense, then, that a pair of activist investor groups would suggest that ExxonMobil Corp., the world‚Äôs largest privately owned oil company,‚Ä¶</p><p><a href=""https://qz.com/exxonmobil-is-suing-its-own-shareholders-over-a-proposa-1851186217"">Read more...</a></p>","Mon, 22 Jan 2024 20:33:00 GMT",https://qz.com/exxonmobil-is-suing-its-own-shareholders-over-a-proposa-1851186217,Others
"Apple's Vision Pro headsets are ""still very niche"" despite a sellout in pre-ordering, expert says","<img class=""type:primaryImage"" src=""https://i.kinja-img.com/image/upload/c_fit,q_80,w_636/51ec0e435b73328a44dfe6d2ffe0c32d.jpg"" /><p>Apple sold <a class=""sc-1out364-0 dPMosf sc-145m8ut-0 lcFFec js_link"" href=""https://medium.com/@mingchikuo/vision-pro%E9%A6%96%E9%80%B1%E6%9C%AB%E9%A0%90%E8%B3%BC%E6%AA%A2%E8%A6%96-%E7%AC%A6%E5%90%88%E9%A0%90%E6%9C%9F%E4%BD%86%E9%9A%B1%E6%86%82%E6%B5%AE%E7%8F%BE-vision-pros-first-weekend-pre-order-review-expectations-in-line-0450c1effe66"" rel=""noopener noreferrer"" target=""_blank"">between 160,000 and 180,000 Visio Pro headsets</a> over the weekend during pre-orders, according to analyst Ming-Chi Kuo of TF International Securities, who‚Äôs written extensively about the product on Medium. But the mixed-reality device won‚Äôt be super popular with the general public anytime soon, he indicated.<br /></p><p><a href=""https://qz.com/apples-vision-pro-headsets-are-still-very-niche-despi-1851185621"">Read more...</a></p>","Mon, 22 Jan 2024 18:43:00 GMT",https://qz.com/apples-vision-pro-headsets-are-still-very-niche-despi-1851185621,Others
Baby boomers are hoarding houses and leaving a laundry list of big fixes for younger buyers,"<img class=""type:primaryImage"" src=""https://i.kinja-img.com/image/upload/c_fit,q_80,w_636/e252c1d7433405034c8188c5ef003707.jpg"" /><p>The housing market is <a class=""sc-1out364-0 dPMosf sc-145m8ut-0 lcFFec js_link"" href=""https://qz.com/429559/millennials-cant-afford-to-buy-houses-even-though-we-really-need-them-to"" rel=""noopener noreferrer"" target=""_blank"">tough today for young Americans</a>. Prices are high. Interest rates are high. The savings needed for a deposit are getting eaten up by inflation, job loss, and childcare. Unfortunately, tomorrow‚Äôs housing market isn‚Äôt shaping up to be too great, either.<br /></p><p><a href=""https://qz.com/us-baby-boomers-are-hoarding-houses-and-leaving-a-laund-1851185323"">Read more...</a></p>","Mon, 22 Jan 2024 18:32:59 GMT",https://qz.com/us-baby-boomers-are-hoarding-houses-and-leaving-a-laund-1851185323,Others
The airlines with the greatest share of Boeing's second troubled model,"<img class=""type:primaryImage"" src=""https://i.kinja-img.com/image/upload/c_fit,q_80,w_636/51f5a5a8d7877de0fe89f7b7e1f0d0d0.jpg"" /><p>A second Boeing airplane model is <a class=""sc-1out364-0 dPMosf sc-145m8ut-0 lcFFec js_link"" href=""https://qz.com/federal-officials-recommend-that-airlines-inspect-door-1851185042"" rel=""noopener noreferrer"" target=""_blank"">officially under scrutiny</a>: the 737-900ER.<br /></p><p><a href=""https://qz.com/alaska-airlines-has-the-greatest-share-of-boeings-secon-1851185357"">Read more...</a></p>","Mon, 22 Jan 2024 18:32:09 GMT",https://qz.com/alaska-airlines-has-the-greatest-share-of-boeings-secon-1851185357,Others
üåé Electric trucks don‚Äôt have that spark,"<img class=""type:primaryImage"" src=""https://i.kinja-img.com/image/upload/c_fit,q_80,w_636/fc9e1a067947ae34df65aac949c4cd9f.jpg"" /><p>Good morning, Quartz readers!<br /></p><p><a href=""https://qz.com/emails/daily-brief/1851183984/electric-trucks-don-t-have-that-spark"">Read more...</a></p>","Mon, 22 Jan 2024 10:55:00 GMT",https://qz.com/emails/daily-brief/1851183984/electric-trucks-don-t-have-that-spark,Others
House Republicans unveil articles of impeachment against DHS Sec. Mayorkas,"House Republicans released two articles of impeachment against DHS Sec. Alejandro Mayorkas, but the Biden administration argues they are &quot;baseless.&quot;","Sun, 28 Jan 2024 09:07:25 -0500",https://www.foxnews.com/politics/house-republicans-unveil-articles-impeachment-dhs-sec-mayorkas,Others
Snopes admits Biden wore construction hard hat backwards in 'fact check' reversal,"Snopes reversed a fact check claiming that President Biden had not mistakenly worn a construction hard hat backwards this weekend, despite photo evidence.","Sun, 28 Jan 2024 08:47:54 -0500",https://www.foxnews.com/politics/snopes-admits-biden-wore-construction-hard-hat-backwards-fact-check-reversal,Others
"Trump ally Moreno picks up Noem endorsement, rises to top Ohio Republican vying to boot Democrat Sherrod Brown",rump-backed Republican Bernie Moreno has risen to the top of the Ohio GOP field vying to run against incumbent Democratic Sen. Sherrod Brown.,"Sun, 28 Jan 2024 07:20:24 -0500",https://www.foxnews.com/politics/trump-ally-moreno-picks-noem-endorsement-rises-top-ohio-republican-vying-boot-democrat-sherrod-brown,Others
$83M verdict in E. Jean Carroll case against Trump ignites firestorm: 'Democrats are using the system',A federal jury&apos;s decision ordering Donald Trump to pay E. Jean Carroll more than $83 million in damages Friday ignited a political firestorm.,"Sun, 28 Jan 2024 04:00:59 -0500",https://www.foxnews.com/politics/verdict-e-jean-carroll-defamation-case-trump-ignites-firestorm-democrats-using-system,Others
George Soros pours millions into Texas in hopes of shifting power to Dems,Financier George Soros has recently dropped millions into a handful of left-wing groups in Texas to help Democrats gain ground in the state.,"Sun, 28 Jan 2024 04:00:59 -0500",https://www.foxnews.com/politics/george-soros-pours-millions-texas-shifting-power-dems,Others
AOC raising money by using pro-Israel group's attack on her 'Squad' ally,Rep. Alexandria Ocasio-Cortez sent out a fundraising email to supporters asking for money after AIPAC announced it would back a primary challenger to Rep. Jamaal Bowman.,"Sun, 28 Jan 2024 04:00:54 -0500",https://www.foxnews.com/politics/aoc-fundraises-off-pro-israel-group-aipacs-attack-her-squad-ally,Others
"Trump energy secretary, Republicans blast Biden for bowing to 'elite environmental lobby'","Republicans, including former Energy Secretary Rick Perry, blasted President Biden for halting natural gas export permits, a move they argued will boost American enemies.","Sun, 28 Jan 2024 04:00:40 -0500",https://www.foxnews.com/politics/trump-energy-secretary-republicans-blast-biden-for-bowing-to-elite-environmental-lobby,Others
Lone House Republican supporting Nikki Haley after NH and Iowa losses makes her case for 2024,"Conservative Rep. Ralph Norman is the only member of Congress backing Nikki Haley for president, and he told Fox News Digital why he thinks she&apos;s the best person for the job.","Sun, 28 Jan 2024 04:00:39 -0500",https://www.foxnews.com/politics/lone-house-republican-supporting-nikki-haley-after-nh-and-iowa-losses-makes-her-case-for-2024,Others
Nikki Haley raises $4 million over 'unhinged' Trump comments leveled at her: 'We had a little fun',Republican presidential candidate Nikki Haley said on Saturday in South Carolina that her campaign has been capitalizing on &quot;unhinged&quot; comments that former President Trump has made about her.,"Sat, 27 Jan 2024 19:35:39 -0500",https://www.foxnews.com/politics/nikki-haley-raises-four-million-dollars-unhinged-trump-comments-leveled-little-fun,Others
Trump blasts Biden-backed border bill at Las Vegas rally: 'Rather have no bill than a bad bill',"Former President Trump blasted the new Biden-backed border security bill, arguing during a Las Vegas rally Saturday that the current president already has the power to make significant changes at the southern border.","Sat, 27 Jan 2024 18:41:23 -0500",https://www.foxnews.com/politics/trump-blasts-biden-backed-border-bill-didnt-need-bill,Others
Biden only cares about border because it has now become a 'political liability': Rep Tom Emmer,House Majority Whip Tom Emmer told Fox News Saturday that President Biden has &quot;undone all of the great work&quot; former President Trump accomplished during his presidency.,"Sat, 27 Jan 2024 18:28:07 -0500",https://www.foxnews.com/politics/biden-only-cares-border-because-become-political-liability-rep-tom-emmer,Others
"Florida Gov Ron DeSantis calls Biden border deal 'a farce,' says it will worsen migrant crisis","Florida Gov. Ron DeSantis called out President Biden for supporting a new border bill on Saturday, accusing the president of not &quot;wanting&quot; to solve the crisis.","Sat, 27 Jan 2024 17:28:15 -0500",https://www.foxnews.com/politics/florida-governor-ron-desantis-calls-biden-border-deal-farce-says-worsen-migrant-crisis,Others
Texas again rebuffs Biden admin's demand for 'full access' to disputed border area,"Texas is rebuffing demands by the Biden administration for it to have greater access to the disputed Shelby Park area of Eagle Pass, Texas, as they feud over the border.","Sat, 27 Jan 2024 16:51:15 -0500",https://www.foxnews.com/politics/texas-again-rebuffs-dhs-demand-full-access-disputed-border-area,Others
"ICE failed to adequately document some major procedures, including hysterectomies, watchdog finds",Immigration and Customs Enforcement (ICE) had updated practices in light of a government investigation which found major surgeries for some detainees were not properly approved.,"Sat, 27 Jan 2024 15:21:43 -0500",https://www.foxnews.com/politics/ice-failed-adequately-document-major-procedures-including-hysterectomies-watchdog-finds,Others
Former Nancy Mace chief of staff files to run against ex-boss for South Carolina House seat,Republican South Carolina Rep. Nancy Mace‚Äôs former chief of staff has launched a primary challenge against the lawmaker following his departure from her office last month.,"Sat, 27 Jan 2024 14:56:33 -0500",https://www.foxnews.com/politics/former-nancy-mace-chief-staff-files-run-against-ex-boss-south-carolina-house-seat,Others
Trump team made ‚Äòearly on‚Äô attempts to recruit RFK Jr. as former president's running mate: report,People close to Trump reportedly made &quot;preliminary overtures&quot; to Robert F. Kennedy about the possibility of him serving as Trump&apos;s running mate in the 2024 presidential election.,"Sat, 27 Jan 2024 13:48:35 -0500",https://www.foxnews.com/politics/trump-team-made-early-attempts-recruit-rfk-jr-former-presidents-running-mate-report,Others
Nikki Haley swatted at her South Carolina home in December: report,Former U.N. Ambassador Nikki Haley was targeted in a &quot;swatting&quot; incident after a man filed a false police report claiming he had shot a woman at her South Carolina home.,"Sat, 27 Jan 2024 13:41:19 -0500",https://www.foxnews.com/politics/nikki-haley-swatted-south-carolina-home-december-report,Others
"Dem launches campaign TikTok account, after suggesting the platform 'may be' a national security threat",Democrat Rep. Ruben Gallego launched an account on TikTok to promote his Senate campaign after suggesting there &apos;may be&apos; national security concerns on the platform.,"Sat, 27 Jan 2024 12:27:55 -0500",https://www.foxnews.com/politics/dem-campaign-tiktok-platform-national-security-threat,Others
Hunter Biden's 'sugar bro' threatens lawsuit against Jonathan Turley,"The &quot;sugar brother&quot; of President Joe Biden‚Äôs son, Hunter, is threatening legal action against criminal defense attorney Jonathan Turley.","Sat, 27 Jan 2024 10:00:39 -0500",https://www.foxnews.com/politics/hunter-bidens-sugar-bro-threatens-lawsuit-against-jonathan-turley,Others
Biden promises to 'shut down' border if Congress approves bill GOP claims would 'incentivize illegal aliens',President Biden promised Friday to &quot;shut down the border&quot; with the &quot;emergency authorities&quot; he claims carve-outs of a Ukraine aid bill opposed by the GOP would confer him.,"Sat, 27 Jan 2024 07:37:15 -0500",https://www.foxnews.com/politics/biden-promises-shut-down-border-congress-approves-bill-gop-claims-incentivize-illegal-aliens,Others
Crisis in the Northwest: Are voters 'beyond a turning point' after decades of progressive politics?,"Both sides of the aisle agree Oregon is in crisis ‚Äî homelessness, drug use and livability are the major concerns ‚Äî but can they effectively reverse course?","Sat, 27 Jan 2024 07:30:46 -0500",https://www.foxnews.com/politics/crisis-northwest-voters-beyond-turning-point-decades-progressive-politics,Others
"Experts Turley, Painter say Texas on shaky legal ground in border razor-wire fight",Legal experts weighed in on the battle between Texas and the Biden administration over the southern border that reached new temperatures this week.,"Sat, 27 Jan 2024 04:00:51 -0500",https://www.foxnews.com/politics/experts-turley-painter-say-texas-shaky-legal-ground-border-razor-wire-fight,Others
Energy developer delivers major blow to blue state's climate agenda by canceling offshore wind contracts,A major energy developer is pulling out of contracts it entered into with the State of Maryland to build two large offshore wind farms in a blow to Democrats&apos; green energy goals.,"Sat, 27 Jan 2024 04:00:25 -0500",https://www.foxnews.com/politics/energy-developer-delivers-major-blow-blue-states-climate-agenda,Others
Schumer-aligned super PAC meddling in GOP primary of key Senate race: 'Terrified of conservative outsider',"Democrats are buying ads boosting GOP Rep. Matt Rosendale ahead of his expected Senate bid, a campaign tactic dug up from the 2022 midterms.","Sat, 27 Jan 2024 04:00:22 -0500",https://www.foxnews.com/politics/schumer-aligned-super-pac-meddling-gop-primary-key-senate-race,Others
Ex-FBI officials warn Congress of 'new and imminent' border danger: 'The country has been invaded',A coalition of former FBI officials is warning about a new threat at the southern border due to the ongoing migrant crisis and is calling on leaders to act.,"Sat, 27 Jan 2024 04:00:04 -0500",https://www.foxnews.com/politics/ex-fbi-officials-warn-congress-new-imminent-border-threat-the-country-invaded,Others
Xi Jinping celebrates China‚Äôs rising power ‚Äî and his own,President Xi Jinping opened China‚Äôs twice-per decade Communist Party Congress on Wednesday hailing the reforms he put in place during his first five-year term and sharing his vision for where he hopes to take the nation. William Brangham reports on the congress as it prepares to announce Xi‚Äôs successor and how new leadership may transform China‚Äôs role as a global economic partner.,"Wed, 18 Oct 2017 22:35:21 +0000",http://www.pbs.org/newshour/bb/xi-jinping-celebrates-chinas-rising-power/,Others
"The battle for Mosul is over, but this hidden ISIS danger could lurk for years","Iraq may have ousted Islamic States militants from the city of Mosul over the summer, but the major task of finding and destroying the mines, booby traps and bombs remains. A security firm hired by the U.S. and Iraqi workers are making progress to clear major areas, but it could take years or even decades. Special correspondent Marcia Biggs reports on the safety of Mosul after ISIS.","Wed, 18 Oct 2017 22:20:26 +0000",http://www.pbs.org/newshour/bb/battle-mosul-hidden-isis-danger-lurk-years/,Others
"As Rohingya refugees continue to flee from persecution, here‚Äôs how you can help","More than 500,000 Rohingya Muslims have fled their homes since August to escape systematic violence at the hands of government soldiers in Myanmar. Here's how you can help.","Wed, 18 Oct 2017 20:58:34 +0000",http://www.pbs.org/newshour/rundown/rohingya-refugees-continue-flee-persecution-heres-can-help/,Others
Tillerson: ‚ÄòHeartbreaking‚Äô reports of suffering in Myanmar,"WASHINGTON ‚Äî Secretary of State Rex Tillerson is condemning reported atrocities committed against Rohingya Muslims in Myanmar, and he says those responsible ‚Äî perhaps the country's military ‚Äî will be held accountable.","Wed, 18 Oct 2017 15:36:51 +0000",http://www.pbs.org/newshour/rundown/tillerson-heartbreaking-reports-suffering-myanmar/,Others
Far-right groups gain ground in Sweden and Germany amid migrant influx,"Sunday‚Äôs election in Austria brought victory to 31-year-old Sebastian Kurz, who was elected chancellor on an anti-immigrant platform. Earlier, a strengthened far-right party dealt a blow to returning leader Angela Merkel in Germany‚Äôs election. As Sweden‚Äôs election approaches next year, special correspondent Michael Brabant surveys the changing political landscape in Europe.","Tue, 17 Oct 2017 22:30:37 +0000",http://www.pbs.org/newshour/bb/far-right-groups-gain-ground-sweden-germany-amid-migrant-influx/,Others
U.S.-backed Syrian forces recapture Raqqa from Islamic State group,U.S.-backed Syrian Democratic Forces announced Tuesday that they had captured the city of Raqqa from Islamic State militants.,"Tue, 17 Oct 2017 16:57:20 +0000",http://www.pbs.org/newshour/rundown/u-s-backed-syrian-forces-recapture-raqqa-from-islamic-state-group/,Others
WATCH: Trump and Greek prime minister hold joint news conference,President Donald Trump says the U.S. stands with Greece as they recover from their economic crisis.,"Tue, 17 Oct 2017 16:28:24 +0000",http://www.pbs.org/newshour/rundown/watch-live-trump-and-greek-prime-minister-hold-joint-press-conference/,Others
"U.S., Japan agree to maximize diplomatic pressure on North Korea","TOKYO ‚Äî U.S. and Japanese diplomats agreed Tuesday to maximize pressure on North Korea to resolve tensions over its nuclear program, while citing the need to be prepared for the worst if diplomacy fails.","Tue, 17 Oct 2017 13:01:05 +0000",http://www.pbs.org/newshour/rundown/u-s-japan-agree-maximize-diplomatic-pressure-north-korea/,Others
News Wrap: Dozens missing after deadly Mogadishu truck bombing,"In our news wrap Monday, more than 300 people are confirmed dead and nearly 400 wounded after Saturday‚Äôs massive truck bombing in Somalia‚Äôs capital Mogadishu. The government blamed the al-Qaida-linked group al-Shabab. Also, 31-year-old conservative Sebastian Kurz is set to become the Austria‚Äôs next leader in another shift to the right in European politics.","Mon, 16 Oct 2017 22:45:17 +0000",http://www.pbs.org/newshour/bb/news-wrap-dozens-missing-deadly-mogadishu-truck-bombing/,Others
Why a power struggle has broken out over Kirkuk,"Two vital American allies have reignited their rivalry in Iraq. After months of simmering tensions, national military forces and militia moved to push Kurdish forces out of the disputed city of Kirkuk. Three weeks ago, the Kurds held a referendum to split from Iraq. Lisa Desjardins reports and Judy Woodruff talks with Emma Sky of Yale University and Feisal Istrabadi of Indiana University.","Mon, 16 Oct 2017 22:40:31 +0000",http://www.pbs.org/newshour/bb/power-struggle-broken-kirkuk/,Others
Rex Tillerson says continue diplomacy with North Korea ‚Äòuntil first bomb drops‚Äô,"That statement comes despite President Donald Trump's tweets a couple of weeks ago that his chief envoy was ""wasting his time"" trying to negotiate with ""Little Rocket Man,"" a mocking nickname Trump has given the nuclear-armed nation's leader, Kim Jong Un.","Mon, 16 Oct 2017 11:08:00 +0000",http://www.pbs.org/newshour/rundown/rex-tillerson-says-continue-diplomacy-north-korea-first-bomb-drops/,Others
"Iraqi, Kurdish forces in standoff, weeks after Kurdish vote for independence","Iraqi army and Kurdish troops are in a standoff in Kirkuk, a city located in the Kurdistan region, which voted for independence from Iraq last month. Kirkuk holds 10 percent of Iraq‚Äôs oil reserves. Washington Post reporter Loveday Morris, who is covering the standoff, joins Hari Sreenivasan via Skype from Baghdad.","Sun, 15 Oct 2017 20:33:23 +0000",http://www.pbs.org/newshour/bb/iraqi-kurdish-forces-standoff-weeks-kurdish-vote-independence/,Others
South Sudan civil war causes Africa‚Äôs worst refugee crisis,"South Sudan‚Äôs four-year civil war has left half of the nation‚Äôs population, 6 million people, in need of humanitarian aid and caused one of the world‚Äôs worst refugee crises. With support from the U.S. Holocaust Memorial Museum‚Äôs Center for the Prevention of Genocide, NewsHour Weekend Special Correspondent Simona Foltyn and journalist Jason Patinkin traveled to Uganda to meet people desperate for asylum.","Sun, 15 Oct 2017 19:26:17 +0000",http://www.pbs.org/newshour/bb/south-sudan-civil-war-causes-africas-worst-refugee-crisis/,Others
Hundreds dead after massive truck bomb strikes Mogadishu,At least 231 people were killed and hundreds more wounded after a massive truck bomb on Saturday struck Somalia's capital city of Mogadishu.,"Sun, 15 Oct 2017 16:27:49 +0000",http://www.pbs.org/newshour/rundown/hundreds-dead-massive-truck-bomb-strikes-mogadishu/,Others
Column: Why reporting from South Sudan is so difficult ‚Äî and critically needed,"The war has had a devastating impact on South Sudanese communities, but much of it has remained out of the limelight of international media.","Sun, 15 Oct 2017 14:27:40 +0000",http://www.pbs.org/newshour/updates/reporters-notebook-reporting-south-sudan-difficult-critically-needed/,Others
India v England: Ollie Pope and Tom Hartley inspire all-time great victory,"England produce one of their best ever away wins, stunning India with a 28-run victory in a heart-stopping finish to the first Test in Hyderabad.","Sun, 28 Jan 2024 12:28:01 GMT",https://www.bbc.co.uk/sport/cricket/68103486?at_medium=RSS&at_campaign=KARANGA,Others
Moti Mahal: India curry houses battle over butter chicken,Butter chicken - a curry popular around the world - is now in the middle of a court battle in India.,"Sun, 28 Jan 2024 01:17:04 GMT",https://www.bbc.co.uk/news/world-asia-india-68053470?at_medium=RSS&at_campaign=KARANGA,Others
Tamil Nadu: Chennai‚Äôs 'last Jew' fights for place in India‚Äôs history,Davvid Levi has been documenting the history of his family and that of other Jews in India's Chennai city.,"Sat, 27 Jan 2024 03:25:03 GMT",https://www.bbc.co.uk/news/world-asia-india-67799316?at_medium=RSS&at_campaign=KARANGA,Others
Umar Khalid: Indian activist languishes in jail without bail or trial,"Umar Khalid, who was arrested three years ago for alleged involvement in riots, is still waiting for a trial.","Tue, 23 Jan 2024 00:32:22 GMT",https://www.bbc.co.uk/news/world-asia-india-67980484?at_medium=RSS&at_campaign=KARANGA,Others
India calls Pakistan's claim of targeted killings 'false',Islamabad on Thursday accused India of killing two of its citizens on its soil in 2023.,"Fri, 26 Jan 2024 07:04:26 GMT",https://www.bbc.co.uk/news/world-asia-india-68091822?at_medium=RSS&at_campaign=KARANGA,Others
"Bopanna, 43, becomes oldest tennis world number one",Rohan Bopanna becomes the oldest tennis world number one aged 43 after he and Matthew Ebden reach the Australian Open doubles semi-finals.,"Wed, 24 Jan 2024 07:45:59 GMT",https://www.bbc.co.uk/sport/tennis/68078338?at_medium=RSS&at_campaign=KARANGA,Others
Watch: Crowds at India's new Ram temple in Ayodhya day after opening,The grand temple dedicated to the Hindu God Ram was inaugurated by Prime Minister Narendra Modi on Monday.,"Tue, 23 Jan 2024 09:47:15 GMT",https://www.bbc.co.uk/news/world-asia-india-68066261?at_medium=RSS&at_campaign=KARANGA,Others
Ayodhya Ram Mandir: India PM Modi inaugurates Hindu temple on razed Babri mosque site,"The rituals were led by PM Narendra Modi, while opposition leaders and some Hindu seers stayed away.","Mon, 22 Jan 2024 16:00:06 GMT",https://www.bbc.co.uk/news/world-asia-india-68003095?at_medium=RSS&at_campaign=KARANGA,Others
Sony calls off merger with India media giant Zee,Zee considers legal action after Sony ends the planned $10bn merger of the firms' Indian operations.,"Mon, 22 Jan 2024 09:56:59 GMT",https://www.bbc.co.uk/news/business-68054056?at_medium=RSS&at_campaign=KARANGA,Others
Watch: Indian PM Modi inaugurates temple in Ayodhya,The opening of the grand temple comes ahead of India's general elections.,"Mon, 22 Jan 2024 08:06:54 GMT",https://www.bbc.co.uk/news/world-asia-india-68053468?at_medium=RSS&at_campaign=KARANGA,Others
Women take the lead in Republic Day parade,"Every year, the country celebrates the day its constitution came into effect with a grand spectacle.","Fri, 26 Jan 2024 09:05:05 GMT",https://www.bbc.co.uk/news/world-asia-india-68091821?at_medium=RSS&at_campaign=KARANGA,Others
Adani Ports: The Tamil Nadu villagers taking on a billionaire's port plan,Locals in 100 villages of Tamil Nadu state are fighting the expansion of a port owned by Gautam Adani.,"Wed, 24 Jan 2024 02:39:32 GMT",https://www.bbc.co.uk/news/world-asia-india-67942639?at_medium=RSS&at_campaign=KARANGA,Others
"India v England: Relaxed, fit tourists look for series win for the ages","England's record in India is better than most, but merely staying competitive will be a fine achievement, writes Stephan Shemilt.","Wed, 24 Jan 2024 14:52:25 GMT",https://www.bbc.co.uk/sport/cricket/68069988?at_medium=RSS&at_campaign=KARANGA,Others
Ayodhya: Temple to open at India‚Äôs religious fault-line,The new temple in Ayodhya has stirred up memories for the community caught up in 1992's violence.,"Sun, 21 Jan 2024 01:50:07 GMT",https://www.bbc.co.uk/news/world-asia-india-68030712?at_medium=RSS&at_campaign=KARANGA,Others
Kashmir's rare snowless winter sets off alarm bells,Experts say that the absence of snowfall this winter will lead to water scarcity and derail the economy.,"Fri, 19 Jan 2024 03:54:53 GMT",https://www.bbc.co.uk/news/world-asia-india-68015106?at_medium=RSS&at_campaign=KARANGA,Others
Lakshadweep: Can India's 'alternative Maldives' handle mass tourism?,Indian PM Modi's recent visit to Lakshadweep could spark a tourist surge - but is the island chain ready?,"Thu, 18 Jan 2024 04:08:29 GMT",https://www.bbc.co.uk/news/world-asia-india-67911165?at_medium=RSS&at_campaign=KARANGA,Others
Gujarat boat capsize victims 'not given life jackets',Parents of students who died after a boat capsized in India's Gujarat state allege negligence by authorities.,"Fri, 19 Jan 2024 05:08:57 GMT",https://www.bbc.co.uk/news/world-asia-india-68027147?at_medium=RSS&at_campaign=KARANGA,Others
What Rahul Gandhi's march means for India election,"The Congress leader's cross-country march began with hope, but analysts doubt its electoral impact.","Mon, 15 Jan 2024 08:38:23 GMT",https://www.bbc.co.uk/news/world-asia-india-67911170?at_medium=RSS&at_campaign=KARANGA,Others
Agatha Christie: The Indian hotel murder that inspired the queen of crime,"The sensational case, which made global headlines, is said to have influenced Christie's first book.","Sat, 13 Jan 2024 22:26:16 GMT",https://www.bbc.co.uk/news/world-asia-india-67943375?at_medium=RSS&at_campaign=KARANGA,Others
Bengaluru: Why English is dividing people in India's Silicon Valley,Kannada-language protesters recently hit the headlines for tearing down English billboards in Bengaluru.,"Fri, 12 Jan 2024 00:20:40 GMT",https://www.bbc.co.uk/news/world-asia-india-67889621?at_medium=RSS&at_campaign=KARANGA,Others
Bihar men conned by 'impregnating women' job scam,Scammers in Bihar state promised to pay huge sums of money to men to get childless women pregnant.,"Wed, 10 Jan 2024 00:00:22 GMT",https://www.bbc.co.uk/news/world-asia-india-67860456?at_medium=RSS&at_campaign=KARANGA,Others
Maldives: Maldivians debate India's 'boycott' of their nation,Tensions have escalated after three Maldivian ministers made derogatory comments about India's PM Modi.,"Thu, 11 Jan 2024 07:28:52 GMT",https://www.bbc.co.uk/news/world-asia-india-67942642?at_medium=RSS&at_campaign=KARANGA,Others
Plane gets jammed under bridge in India,The scrap fuselage was on its way to Assam from Mumbai on a lorry when it got stuck.,"Fri, 29 Dec 2023 23:17:00 GMT",https://www.bbc.co.uk/news/world-asia-india-67843833?at_medium=RSS&at_campaign=KARANGA,Others
Intruder jumps on table in Indian parliament,Lawmakers said two men jumped into the well of the house from the visitors' gallery.,"Wed, 13 Dec 2023 09:49:30 GMT",https://www.bbc.co.uk/news/world-asia-india-67700660?at_medium=RSS&at_campaign=KARANGA,Others
Moment worker is pulled from collapsed tunnel,Fourty-one Indian workers are finally rescued from a tunnel that partially caved in after a landslide.,"Tue, 28 Nov 2023 15:13:21 GMT",https://www.bbc.co.uk/news/world-asia-india-67552409?at_medium=RSS&at_campaign=KARANGA,Others
First video of trapped tunnel workers in India,Rescuers have shared a video of the 41 workers who have been trapped inside a tunnel since 12 November.,"Tue, 21 Nov 2023 05:58:33 GMT",https://www.bbc.co.uk/news/world-asia-india-67482786?at_medium=RSS&at_campaign=KARANGA,Others
Andhra Pradesh: Drone footage shows aftermath of deadly India train crash,"A preliminary investigation has found that ""human error"" led to the collision, officials say.","Mon, 30 Oct 2023 06:08:55 GMT",https://www.bbc.co.uk/news/world-asia-india-67258761?at_medium=RSS&at_campaign=KARANGA,Others
India flash floods: More than 100 missing in Sikkim state,Hundreds of search and rescue officers have been deployed across the state of Sikkim.,"Thu, 05 Oct 2023 07:25:09 GMT",https://www.bbc.co.uk/news/world-67015721?at_medium=RSS&at_campaign=KARANGA,Others
